{"cameraMode":{"drawMode":0,"name":"Shaded","section":"Shading Mode"},"sceneLighting":false,"audioPlay":false,"sceneViewState":{"showFog":true,"showMaterialUpdate":false,"showSkybox":true,"showFlares":true,"showImageEffects":true,"showParticleSystems":true},"in2DMode":false,"pivot":{"x":-1.0164942741394044,"y":3.237793445587158,"z":0.08593693375587464},"rotation":{"x":0.09642542153596878,"y":-0.7789447903633118,"z":0.12370695918798447,"w":0.6071634888648987},"size":1.935988187789917,"orthographic":false}