{"cameraMode":{"drawMode":0,"name":"Shaded","section":"Shading Mode"},"sceneLighting":false,"audioPlay":false,"sceneViewState":{"showFog":true,"showMaterialUpdate":false,"showSkybox":true,"showFlares":true,"showImageEffects":true,"showParticleSystems":true},"in2DMode":false,"pivot":{"x":12.061959266662598,"y":-4.845567226409912,"z":14.210765838623047},"rotation":{"x":0.18228818476200105,"y":0.3512728810310364,"z":-0.0699295699596405,"w":0.9157096147537231},"size":23.34531021118164,"orthographic":false}