{"cameraMode":{"drawMode":0,"name":"Shaded","section":"Shading Mode"},"sceneLighting":false,"audioPlay":false,"sceneViewState":{"showFog":true,"showMaterialUpdate":false,"showSkybox":true,"showFlares":true,"showImageEffects":true,"showParticleSystems":true},"in2DMode":false,"pivot":{"x":-0.2593330144882202,"y":2.1971025466918947,"z":0.5531710982322693},"rotation":{"x":0.3453766405582428,"y":-0.6132675409317017,"z":0.33942195773124697,"w":0.624030590057373},"size":1.935988187789917,"orthographic":false}