{"cameraMode":{"drawMode":0,"name":"Shaded","section":"Shading Mode"},"sceneLighting":false,"audioPlay":false,"sceneViewState":{"showFog":true,"showMaterialUpdate":false,"showSkybox":true,"showFlares":true,"showImageEffects":true,"showParticleSystems":true},"in2DMode":false,"pivot":{"x":-0.8813848495483398,"y":3.042875289916992,"z":-0.09255379438400269},"rotation":{"x":0.11915433406829834,"y":-0.8049553632736206,"z":0.1728316843509674,"w":0.5549597144126892},"size":1.935988187789917,"orthographic":false}