{"cameraMode":{"drawMode":0,"name":"Shaded","section":"Shading Mode"},"sceneLighting":false,"audioPlay":false,"sceneViewState":{"showFog":true,"showMaterialUpdate":false,"showSkybox":true,"showFlares":true,"showImageEffects":true,"showParticleSystems":true},"in2DMode":false,"pivot":{"x":12.849300384521485,"y":-2.174015998840332,"z":15.926990509033204},"rotation":{"x":0.10984446108341217,"y":0.3361673355102539,"z":-0.03951288387179375,"w":0.9345599412918091},"size":22.0,"orthographic":false}