{"cameraMode":{"drawMode":0,"name":"Shaded","section":"Shading Mode"},"sceneLighting":false,"audioPlay":false,"sceneViewState":{"showFog":true,"showMaterialUpdate":false,"showSkybox":true,"showFlares":true,"showImageEffects":true,"showParticleSystems":true},"in2DMode":false,"pivot":{"x":-0.15492689609527589,"y":1.8903663158416749,"z":-1.1429531574249268},"rotation":{"x":0.2594643831253052,"y":0.015066801570355893,"z":-0.004048357717692852,"w":0.9656274318695068},"size":0.08573649078607559,"orthographic":false}