{"cameraMode":{"drawMode":0,"name":"Shaded","section":"Shading Mode"},"sceneLighting":false,"audioPlay":false,"sceneViewState":{"showFog":false,"showMaterialUpdate":false,"showSkybox":false,"showFlares":false,"showImageEffects":false,"showParticleSystems":false},"in2DMode":false,"pivot":{"x":-133.31529235839845,"y":-25.160940170288087,"z":0.042255155742168429},"rotation":{"x":0.0707186758518219,"y":-0.7037750482559204,"z":0.0707644522190094,"w":0.7033647298812866},"size":146.86708068847657,"orthographic":false}