{"cameraMode":{"drawMode":0,"name":"Shaded","section":"Shading Mode"},"sceneLighting":false,"audioPlay":false,"sceneViewState":{"showFog":false,"showMaterialUpdate":false,"showSkybox":false,"showFlares":false,"showImageEffects":false,"showParticleSystems":false},"in2DMode":false,"pivot":{"x":-0.11669928580522537,"y":1.9636356830596924,"z":-0.018634894862771035},"rotation":{"x":0.1343076080083847,"y":0.368222177028656,"z":-0.053848303854465488,"w":0.9184131622314453},"size":0.2985938787460327,"orthographic":false}