{"cameraMode":{"drawMode":0,"name":"Shaded","section":"Shading Mode"},"sceneLighting":false,"audioPlay":false,"sceneViewState":{"showFog":false,"showMaterialUpdate":false,"showSkybox":false,"showFlares":false,"showImageEffects":false,"showParticleSystems":false},"in2DMode":false,"pivot":{"x":34.648067474365237,"y":-61.38323211669922,"z":-23.840503692626954},"rotation":{"x":-0.04965246468782425,"y":-0.8669434189796448,"z":0.48802143335342409,"w":-0.08820492774248123},"size":102.50001525878906,"orthographic":false}