{"cameraMode":{"drawMode":0,"name":"Shaded","section":"Shading Mode"},"sceneLighting":false,"audioPlay":false,"sceneViewState":{"showFog":false,"showMaterialUpdate":false,"showSkybox":false,"showFlares":false,"showImageEffects":false,"showParticleSystems":false},"in2DMode":false,"pivot":{"x":50.669410705566409,"y":-15.30069637298584,"z":48.2841911315918},"rotation":{"x":0.1343076080083847,"y":0.368222177028656,"z":-0.053848303854465488,"w":0.9184131622314453},"size":122.23316955566406,"orthographic":false}